{
    "rules": [
        {
            "mode": "external",
            "label": "Non-web links",
            "pagesToTrigger": "custom",
            "regex": "^(?!https?:\/\/).*"
        },
        {
            "mode": "appbrowser",
            "label": "Facebook",
            "pagesToTrigger": "custom",
            "regex": "https?:\/\/([-\\w]+\\.)*facebook\\.com.*"
        },
        {
            "mode": "appbrowser",
            "label": "Twitter\/X",
            "pagesToTrigger": "custom",
            "regex": "https?:\/\/([\\-\\w]+\\.)*(twitter|x)\\.com\/.*"
        },
        {
            "mode": "appbrowser",
            "label": "Instagram",
            "pagesToTrigger": "custom",
            "regex": "https?:\/\/([-\\w]+\\.)*instagram\\.com\/.*"
        },
        {
            "mode": "appbrowser",
            "label": "Google Maps",
            "pagesToTrigger": "custom",
            "regex": "https?:\/\/maps\\.google\\.com.*"
        },
        {
            "mode": "appbrowser",
            "label": "Google Maps Search",
            "pagesToTrigger": "custom",
            "regex": "https?:\/\/([-\\w]+\\.)*google\\.com\/maps\/search\/.*"
        },
        {
            "mode": "appbrowser",
            "label": "LinkedIn",
            "pagesToTrigger": "custom",
            "regex": "https?:\/\/([-\\w]+\\.)*linkedin\\.com\/.*"
        },
        {
            "mode": "internal",
            "label": "Microsoft Login",
            "pagesToTrigger": "custom",
            "regex": "https?:\/\/login\\.microsoftonline\\.com.*"
        },
        {
            "mode": "internal",
            "label": "All pages on my domain",
            "pagesToTrigger": "domain",
            "regex": "https?:\\\/\\\/([-\\w]+\\.)*parmaracademy.in(\\\/.*)?$"
        },
        {
            "mode": "appbrowser",
            "label": "All Other Links",
            "pagesToTrigger": "all",
            "regex": ".*"
        }
    ]
}